gender,birthday
male,2005-06-09
male,2004-09-20
male,2003-10-27
female,2002-10-27
female,2002-08-25
male,2002-07-08
male,2001-12-09
male,1997-04-28
male,1997-03-10
male,1995-06-10
male,1994-10-21
female,1992-03-16
male,1991-12-03
female,1991-11-01
female,1991-06-20
female,1990-11-18
male,1989-09-16
female,1988-01-28
male,1987-01-11
male,1986-09-20
female,1986-07-01
male,1985-10-19
male,1985-06-16
male,1983-07-26
male,1983-06-08
female,1981-09-12
female,1981-08-12
female,1980-10-12
male,1980-08-25
male,1979-06-27
male,1979-05-26
male,1977-07-30
male,1977-06-07
female,1976-08-11
male,1975-01-20
female,1974-09-16
female,1974-08-18
male,1974-05-11
female,1974-03-18
male,1973-03-18
male,1973-01-19
male,1971-05-15
female,1970-05-15
female,1970-04-27
male,1970-04-15
